{
  "users": [
    {"userid": 1, "tokenid": "token1"},
    {"userid": 2, "tokenid": "token2"},
    {"userid": 3, "tokenid": "token3"},
    {"userid": 4, "tokenid": "token4"},
    {"userid": 5, "tokenid": "token5"},
    {"userid": 6, "tokenid": "token6"},
    {"userid": 7, "tokenid": "token7"},
    {"userid": 8, "tokenid": "token8"},
    {"userid": 9, "tokenid": "token9"},
    {"userid": 10, "tokenid": "token10"},
    {"userid": 11, "tokenid": "token11"},
    {"userid": 12, "tokenid": "token12"},
    {"userid": 13, "tokenid": "token13"},
    {"userid": 14, "tokenid": "token14"},
    {"userid": 15, "tokenid": "token15"},
    {"userid": 16, "tokenid": "token16"},
    {"userid": 17, "tokenid": "token17"},
    {"userid": 18, "tokenid": "token18"},
    {"userid": 19, "tokenid": "token19"},
    {"userid": 20, "tokenid": "token20"},
    {"userid": 21, "tokenid": "token21"},
    {"userid": 22, "tokenid": "token22"},
    {"userid": 23, "tokenid": "token23"},
    {"userid": 24, "tokenid": "token24"},
    {"userid": 25, "tokenid": "token25"},
    {"userid": 26, "tokenid": "token26"},
    {"userid": 27, "tokenid": "token27"},
    {"userid": 28, "tokenid": "token28"},
    {"userid": 29, "tokenid": "token29"},
    {"userid": 30, "tokenid": "token30"},
    {"userid": 31, "tokenid": "token31"},
    {"userid": 32, "tokenid": "token32"},
    {"userid": 33, "tokenid": "token33"},
    {"userid": 34, "tokenid": "token34"},
    {"userid": 35, "tokenid": "token35"},
    {"userid": 36, "tokenid": "token36"},
    {"userid": 37, "tokenid": "token37"},
    {"userid": 38, "tokenid": "token38"},
    {"userid": 39, "tokenid": "token39"},
    {"userid": 40, "tokenid": "token40"},
    {"userid": 41, "tokenid": "token41"},
    {"userid": 42, "tokenid": "token42"},
    {"userid": 43, "tokenid": "token43"},
    {"userid": 44, "tokenid": "token44"},
    {"userid": 45, "tokenid": "token45"},
    {"userid": 46, "tokenid": "token46"},
    {"userid": 47, "tokenid": "token47"},
    {"userid": 48, "tokenid": "token48"},
    {"userid": 49, "tokenid": "token49"},
    {"userid": 50, "tokenid": "token50"},
    {"userid": 51, "tokenid": "token51"},
    {"userid": 52, "tokenid": "token52"},
    {"userid": 53, "tokenid": "token53"},
    {"userid": 54, "tokenid": "token54"},
    {"userid": 55, "tokenid": "token55"},
    {"userid": 56, "tokenid": "token56"},
    {"userid": 57, "tokenid": "token57"},
    {"userid": 58, "tokenid": "token58"},
    {"userid": 59, "tokenid": "token59"},
    {"userid": 60, "tokenid": "token60"},
    {"userid": 61, "tokenid": "token61"},
    {"userid": 62, "tokenid": "token62"},
    {"userid": 63, "tokenid": "token63"},
    {"userid": 64, "tokenid": "token64"},
    {"userid": 65, "tokenid": "token65"},
    {"userid": 66, "tokenid": "token66"},
    {"userid": 67, "tokenid": "token67"},
    {"userid": 68, "tokenid": "token68"},
    {"userid": 69, "tokenid": "token69"},
    {"userid": 70, "tokenid": "token70"},
    {"userid": 71, "tokenid": "token71"},
    {"userid": 72, "tokenid": "token72"},
    {"userid": 73, "tokenid": "token73"},
    {"userid": 74, "tokenid": "token74"},
    {"userid": 75, "tokenid": "token75"},
    {"userid": 76, "tokenid": "token76"},
    {"userid": 77, "tokenid": "token77"},
    {"userid": 78, "tokenid": "token78"},
    {"userid": 79, "tokenid": "token79"},
    {"userid": 80, "tokenid": "token80"},
    {"userid": 81, "tokenid": "token81"},
    {"userid": 82, "tokenid": "token82"},
    {"userid": 83, "tokenid": "token83"},
    {"userid": 84, "tokenid": "token84"},
    {"userid": 85, "tokenid": "token85"},
    {"userid": 86, "tokenid": "token86"},
    {"userid": 87, "tokenid": "token87"},
    {"userid": 88, "tokenid": "token88"},
    {"userid": 89, "tokenid": "token89"},
    {"userid": 90, "tokenid": "token90"},
    {"userid": 91, "tokenid": "token91"},
    {"userid": 92, "tokenid": "token92"},
    {"userid": 93, "tokenid": "token93"},
    {"userid": 94, "tokenid": "token94"},
    {"userid": 95, "tokenid": "token95"},
    {"userid": 96, "tokenid": "token96"},
    {"userid": 97, "tokenid": "token97"},
    {"userid": 98, "tokenid": "token98"},
    {"userid": 99, "tokenid": "token99"},
    {"userid": 100, "tokenid": "token100"}
  ]
}
